Tool,Frequency in all workflows
macs2_callpeak,282702
Cut1,277218
Remove beginning1,224082
Filter1,208648
trimmomatic,172631
join1,169041
Add_a_column1,163352
cat1,161735
Grep1,141683
Show beginning1,140759
bedtools_intersectbed,132693
addValue,132110
datamash_transpose,124741
trim_galore,121690
wc_gnu,115430
samtools_rmdup,111523
hisat2,105834
collapse_dataset,104382
Extract genomic DNA 1,101843
bowtie2,97220
Grouping1,88744
heatmap2,87665
comp1,86049
diffbind,82649
bedtools_subtractbed,79635
fastqc,78475
chipseeker,77268
Convert characters1,74653
samtools_idxstats,65334
meme_chip,64296
deeptools_bam_coverage,63050
melt,59123
collection_column_join,54142
regex_replace,52741
cast,51357
tp_sort_header_tool,48488
deeptools_compute_matrix,47300
deeptools_plot_heatmap,47236
tp_head_tool,35233
tsne,35190
mothur_remove_lineage,30023
mothur_remove_seqs,29945
mothur_pre_cluster,27799
mothur_unique_seqs,27294
ggplot_histogram,26611
mothur_screen_seqs,26402
Show tail1,26379
multiqc,25986
__FLATTEN__,25936
mothur_make_shared,23249
samtools_flagstat,21911
datamash_ops,21802
sam_merge2,19563
gops_subtract_1,19140
mothur_classify_seqs,15699
sort1,15194
stringtie,14524
ggplot_point,13682
mothur_make_contigs,12723
mothur_count_seqs,12445
deeptools_plot_fingerprint,12398
mothur_filter_seqs,12363
mothur_merge_files,11650
mothur_cluster,10793
mothur_chimera_vsearch,10590
mothur_make_group,8810
mothur_sub_sample,8751
mothur_get_groups,8228
mothur_cluster_split,7292
tp_cat,7229
mothur_remove_groups,6197
iReport,6195
qual_stats_boxplot,6105
mothur_dist_seqs,6015
mothur_dist_shared,6010
deseq2,5235
featurecounts,5198
tp_cut_tool,5196
extract_element_from_collection,5039
tp_easyjoin_tool,4983
mothur_summary_seqs,4780
mothur_classify_otu,4585
mothur_unifrac_weighted,4572
mothur_unifrac_unweighted,4572
mothur_tree_shared,4159
mycrobiota_subsample_add_discarded_samples,4124
tp_replace_in_column,4087
mothur_align_seqs,3848
mycrobiota-correct-replicates,3780
table_compute,3691
tp_multijoin_tool,3603
mothur_chimera_uchime,3250
XY_Plot_1,3240
mothur_homova,3129
mothur_nmds,3129
mothur_amova,3089
mothur_rarefaction_single,3026
cutadapt,2918
tab2fasta,2918
mothur_get_oturep,2837
bwa_mem,2784
regex1,2697
fasta2tab,2609
ggplot2_point,2527
mycrobiota-make-multi-otutable,2484
__RELABEL_FROM_FILE__,2459
mothur_make_biom,2436
mothur_summary_single,2411
fastq_to_fasta_python,2368
tp_find_and_replace,2359
ggplot2_heatmap2,2215
rna_star,1989
filter_tabular,1906
param_value_from_file,1812
samtools_view,1771
rbc_mafft,1735
transpose,1681
tp_text_file_with_recurring_lines,1592
mothur_count_groups,1569
tp_awk_tool,1551
iqtree,1526
fastp,1515
mothur_venn,1457
__EXTRACT_DATASET__,1448
minimap2,1379
__BUILD_LIST__,1375
mergeCols1,1366
circos,1359
picard_MarkDuplicates,1349
mothur_heatmap_sim,1346
samtool_filter2,1318
taxonomy_krona_chart,1259
filter_by_fasta_ids,1249
mothur_taxonomy_to_krona,1210
mycrobiota-otutable_add_blast,1188
compose_text_param,1147
purge_dups,1113
snpEff,1072
newick_display,1030
tp_split_on_column,1030
PeptideIndexer,1024
bg_column_arrange_by_header,1019
FalseDiscoveryRate,996
FeatureFinderMultiplex,993
__UNZIP_COLLECTION__,975
add_line_to_file,962
__MERGE_COLLECTION__,945
bedtools_getfastabed,939
fastq_dump,913
ggplot2_pca,900
tp_grep_tool,894
Paste1,882
fastq_groomer,876
control_freec,866
freebayes,854
mycrobiota-split-multi-otutable,828
FileInfo,820
IDFilter,817
lofreq_call,805
lofreq_indelqual,774
fasterq_dump,765
mothur_trim_seqs,764
tp_replace_in_line,763
IDMerger,758
snpSift_extractFields,756
IDMapper,748
porechop,718
ConsensusID,696
HighResPrecursorMassCorrector,690
bamFilter,689
mothur_list_seqs,688
gmx_sim,680
tp_sorted_uniq,680
gops_intersect_1,678
bg_uniq,677
FileFilter,677
gmx_solvate,672
lofreq_viterbi,669
mothur_metastats,669
cufflinks,664
bam_to_sam,656
ncbi_blastn_wrapper,649
quast,645
split_file_to_collection,639
samtools_sort,636
umi_tools_extract,633
bwa,624
__FILTER_FROM_FILE__,620
seq_filter_by_id,617
sam_to_bam,616
umi_tools_dedup,597
gemini_query,597
mothur_remove_rare,593
gfa_to_fa,586
ngsutils_bam_filter,580
snpSift_filter,564
busco,560
unicycler,555
XTandemAdapter,550
gemini_annotate,548
lofreq_filter,539
IDConflictResolver,538
gffread,532
racon,519
gmx_setup,502
__FILTER_EMPTY_DATASETS__,498
gtf_filter_by_attribute_values_list,494
bowtie_wrapper,491
salsa,490
meme_fimo,482
gmx_merge_topology_files,479
pilon,477
flye,474
MSGFPlusAdapter,461
fasta_filter_by_length,460
jbrowse,454
subtract_query1,452
samtools_stats,451
ivar_trim,448
regexColumn1,446
EMBOSS: transeq101,445
hifiasm,441
gemini_load,440
__SORTLIST__,432
prokka,427
gmx_editconf,422
meryl,405
gffcompare,402
spades,394
bcftools_consensus,394
goseq,392
MultiplexResolver,392
genomescope,391
tp_sed_tool,386
openbabel_compound_convert,385
query_tabular,378
htseq_count,376
vcfvcfintersect,364
fasta_merge_files_and_filter_unique_sequences,364
CONVERTER_gz_to_uncompressed,361
bedtools_genomecoveragebed,360
mycrobiota-krona-mothur,360
deg_annotate,357
EMBOSS: backtranseq2,356
tp_tail_tool,354
bellerophon,353
picard_FilterSamReads,353
bedtools_bamtobed,352
snpeff_sars_cov_2,348
filtlong,342
gmx_em,342
medaka_consensus_pipeline,340
ChangeCase,337
vcffilter2,330
krona-text,328
cd_hit_est,321
__APPLY_RULES__,318
ncbi_acc_download,313
snpEff_build_gb,312
metaspades,306
volcanoplot,306
bedtools_slopbed,303
csv_to_tabular,302
bedtools_sortbed,301
mothur_split_abund,300
get_pdb,300
scanpy_filter_genes,298
scanpy_find_variable_genes,295
scanpy_run_pca,295
wig_to_bigWig,292
bamleftalign,290
column_remove_by_header,288
scanpy_normalise_data,285
ambertools_acpype,281
md_converter,280
prinseq,277
bedtools_mergebed,272
varscan_somatic,271
bionano_scaffold,267
MzTabExporter,266
mothur_pcoa,265
mothur_corr_axes,265
anndata_ops,263
TextExporter,263
bg_sortmerna,262
circos_wiggle_to_scatter,262
samtools_fastx,261
bwa_mem2,257
tophat2,256
metaphlan2,256
scanpy_compute_graph,255
annotatemyids,254
staramr_search,252
mothur_summary_tax,248
kraken2,247
fastq_paired_end_interlacer,242
scanpy_filter_cells,241
cat_multiple,239
bedtools_bamtofastq,238
vcfanno,237
trimmer,237
scatterplot_rpy,233
picard_SortSam,232
interactive_tool_phinch,231
bcftools_plugin_split_vep,230
vcf2maf,228
IDPosteriorErrorProbability,227
ncbi_blastp_wrapper,226
FileMerger,226
humann2,224
samtools_mpileup,223
peptide_shaker,223
fastq_paired_end_joiner,219
fasta_compute_length,215
search_gui,213
transdecoder,213
fastq_filter,213
ncbi_makeblastdb,212
pretext_map,209
pretext_snapshot,209
scanpy_plot,207
trinity,207
picard_MergeSamFiles,206
circos_gc_skew,201
bamtools,197
stringtie_merge,196
bctools_extract_alignment_ends,194
Summary_Statistics1,191
clustalw,189
__FILTER_FAILED_DATASETS__,188
qualimap_bamqc,187
gffcompare_to_bed,186
cuffmerge,185
mothur_get_communitytype,184
maker,183
scanpy_read_10x,180
megahit,180
anndata_manipulate,179
bedtools_genomecoveragebed_bedgraph,179
ivar_removereads,177
scanpy_find_markers,175
dada2_filterAndTrim,174
gops_join_1,165
merqury,165
anndata_import,165
replace_column_with_key_value_file,164
lofreq_alnqual,164
scanpy_find_cluster,162
mothur_classify_rf,160
__NAMETAG_COLLECTION__,160
mothur_lefse,160
pathview,158
fasta-stats,157
dada2_mergePairs,157
picard_AddOrReplaceReadGroups,156
random_lines1,155
anndata_inspect,154
custom_pro_db,153
histogram_rpy,151
bcftools_norm,149
meme_meme,148
mothur_seq_error,147
bandage_image,147
scanpy_inspect,147
mothur_phylotype,147
PlasFlow,147
hyphy_summary,145
bioext_bealign,144
get_flanks1,143
scanpy_run_umap,143
mycrobiota-qc-report,142
dada2_makeSequenceTable,140
create_or_update,139
abricate,139
iframe,138
scanpy_scale_data,137
jbrowse-iuc-cpt,136
blastxml_to_top_descr,135
mummer_dnadiff,133
pampa_plotglm,132
deeptools_alignmentsieve,131
bio3d_rmsd,131
dada2_removeBimeraDenovo,130
Extract_features1,130
canu,130
augustus,129
hyphy_annotate,129
seqtk_trimfq,128
scanpy_filter,127
dada2_dada,126
scanpy_run_tsne,125
samtools_depth,125
bioext_bam2msa,125
cuffdiff,125
shovill,125
edu.tamu.cpt2.gff3.splitGff,125
cardinal_preprocessing,124
sickle,124
combine_metaphlan2_humann2,121
docking,121
snpfreqplot,119
snippy,119
deeptools_multi_bam_summary,119
edu.tamu.cpt.fasta.remove_desc,119
_ensembl_gtf2gene_list,119
addName,119
tabular_to_fastq,118
rseqc_junction_annotation,118
vcfallelicprimitives,115
translate_bed,114
EMBOSS: revseq82,114
meme_dreme,114
scanpy_integrate_harmony,114
fastq_trimmer,111
tn93_cluster,111
tn93_filter,111
interproscan,111
rcas,110
checkFormat,108
dbbuilder,108
bedtools_maskfastabed,105
msconvert,105
fastq_quality_trimmer,105
gtftobed12,105
je_demultiplex,103
ivar_consensus,103
gops_concat_1,102
sample_seqs,102
cshl_fastq_quality_filter,102
salmon,101
varscan_mpileup,101
rseqc_read_distribution,100
__TAG_FROM_FILE__,100
Digestor,100
seqtk_sample,99
infernal_cmsearch,99
deeptools_plot_correlation,99
bio3d_rmsf,99
feelnc,98
vsearch_dereplication,96
samtools_merge,96
medaka_consensus,96
rseqc_geneBody_coverage,95
w4mclassfilter,94
gmx_energy,94
Count1,93
cardinal_filtering,93
limma_voom,93
createInterval,92
hicexplorer_hicbuildmatrix,92
FeatureLinkerUnlabeledQT,92
flexbar_no_split,91
mothur_get_relabund,90
circos_interval_to_tile,90
vcf2tsv,89
bwameth,88
samtools_filter,88
miniasm,88
fastq_join,87
maxbin2,87
peakachu,87
edu.tamu.cpt.gff3.remove_annots,87
maxquant,87
sam_pileup,87
collection_element_identifiers,86
picard_CleanSam,85
rseqc_infer_experiment,85
gff2bed1,85
CONVERTER_bam_to_bigwig_0,85
edu.tamu.cpt.gff3.export_seq,85
picard_NormalizeFasta,84
cshl_fastq_to_fasta,82
column_order_header_sort,81
pangolin,81
mothur_parsimony,80
ProteinQuantifier,80
nextclade,80
shasta,79
cshl_fastx_clipper,79
pureclip,79
pileometh,78
seurat_find_variable_genes,78
seurat_normalise_data,78
edu.tamu.cpt.gff3.require_sd,78
ctb_compound_convert,77
dropletutils,77
picard_CollectInsertSizeMetrics,77
bandage_info,77
intarna,77
nanoplot,76
snpSift_annotate,76
cardinal_combine,76
bg_diamond,76
DecoyDatabase,76
fastq_to_tabular,76
Multivariate,76
bismark_bowtie2,76
edu.tamu.cpt.fasta.seq_trans,75
abims_xcms_xcmsSet,74
humann2_renorm_table,74
gmx_npt,74
humann,74
piranha,74
cshl_fastx_reverse_complement,74
hicexplorer_hiccorrectmatrix,74
gops_merge_1,73
mothur_heatmap_bin,73
cardinal_classification,73
graphprot_predict_profile,73
barchart_gnuplot,73
funannotate_predict,72
pampa_glmcomm,72
fasttree,72
seurat_run_pca,72
seurat_filter_cells,72
hyphy_strike_ambigs,71
ConsensusMapNormalizer,71
mmpbsa_mmgbsa,71
cshl_fastx_collapser,71
varscan,70
genrich,70
preproc,69
cshl_fastx_trimmer,69
scanpy_plot_embed,68
sqlite_to_tabular,68
ctb_online_data_fetch,67
mz_to_sqlite,67
cd_hit,67
augustus_training,67
dada2_learnErrors,67
rgPicardMarkDups,66
peptide_genomic_coordinate,66
Kraken2Tax,66
gff3.rebase,66
funannotate_annotate,65
ctb_change_title,65
extract_aln_ends.py,65
ucsc_cell_browser,65
deeptools_bam_compare,65
MapAlignerPoseClustering,65
CONVERTER_interval_to_bed_0,64
dada2_assignTaxonomyAddspecies,64
preMloc,64
picard_CASM,64
mothur_fastq_info,64
scanpy_parameter_iterator,64
msstats,64
fastq_combiner,64
join_files_on_column_fuzzy,63
trinity_align_and_estimate_abundance,63
seurat_read10x,63
CONVERTER_interval_to_bed12_0,63
abims_xcms_group,62
metaphlan2krona,62
xcms_merge,61
blast_reciprocal_best_hits,61
sdf_to_tab,61
__ZIP_COLLECTION__,61
pygenomeTracks,60
dada2_seqCounts,60
trinity_abundance_estimates_to_matrix,59
ctb_chemfp_mol2fps,58
mimodd_varcall,58
pampa_glmsp,57
retrieve_scxa,57
regionalgam_ab_index,57
bio3d_pca,57
seurat_scale_data,57
seurat_find_clusters,57
goenrichment,57
vmd_hbonds,57
group_humann2_uniref_abundances_to_go,56
edu.tamu.cpt.gff3.require_phage_start,56
metaphlan,56
fastq_paired_end_deinterlacer,56
tables_arithmetic_operations,56
abims_xcms_fillPeaks,55
funannotate_sort,55
NSPDK_candidateClust,55
picard_ReorderSam,55
seurat_run_tsne,55
medaka_variant,55
unipept,55
scanpy_cluster_reduce_dimension,55
edger,55
pampa_presabs,54
Heatmap,54
xarray_metadata_info,53
remove_tail.py,53
hmmer_hmmsearch,53
sam_bw_filter,53
generic_filter,52
mothur_pcr_seqs,52
maldi_quant_peak_detection,52
bwa_wrapper,52
rna_starsolo,52
mdanalysis_cosine_analysis,52
cardinal_data_exporter,51
bed2gff1,51
dexseq_count,51
gmx_md,51
samtools_calmd,51
rbc_mirdeep2_mapper,51
fasplit,50
tbl2gff3,50
funannotate_clean,49
humann2_genefamilies_genus_level,49
dexseq,49
traj_selections_and_merge,49
pampa_communitymetrics,49
fastq_paired_end_splitter,47
infernal_cmbuild,47
maldi_quant_preprocessing,47
vcftools_merge,47
mlst,47
IDScoreSwitcher,47
winnowmap,47
mimodd_varextract,47
regionalgam_gls,46
mass_spectrometry_imaging_filtering,46
velvetg,46
vcfcombine,46
gatk2_indel_realigner,46
gromacs_modify_topology,46
lastz_wrapper_2,46
msnbase_readmsdata,45
Univariate,45
charts,45
rdock_rbdock,45
edu.tamu.cpt.gff3.intersect_and_adjacent,45
scanpy_normalize,45
gmx_makendx,45
trinotate,44
MapRTTransformer,44
picard_SamToFastq,44
deeptools_plot_profile,44
ctb_ob_genProp,44
ggplot2_heatmap,44
cmFinder,43
drep_dereplicate,43
sceasy_convert,43
fraggenescan,43
hgv_david,43
scanpy_remove_confounders,43
make_families,43
nspdk_sparse,42
snap_training,42
cardinal_mz_images,42
wolf_psort,42
prepare_receptor,42
translate_nucleotides,42
ctb_filter,42
plotly_ml_performance_plots,41
graphclust_align_cluster,41
cat_bins,41
gmx_nvt,41
mothur_reverse_seqs,41
velveth,41
bcftools_call,41
picard_ARRG,41
je_clip,41
rbc_mirdeep2_quantifier,41
graphclust_glob_report_no_align,40
umi_tools_whitelist,40
dropletutils_read_10x,40
graphlan,40
correct_barcodes,40
abims_CAMERA_annotateDiffreport,39
antismash,39
qiime_make_phylogeny,39
gmx_trj,39
cardinal_quality_report,39
xarray_netcdf2netcdf,39
tabular_to_csv,39
xarray_select,39
umi_tools_count,39
unzip,39
bio3d_pca_visualize,38
eggnog_mapper,38
parmconv,38
rseqc_bam_stat,38
pileup_parser,38
snpEff_download,38
datasets_download_genome,38
align_families,38
ctb_pubchem_download_as_smiles,37
viennarna_rnafold,37
merge_pcr_duplicates.py,37
prepare_box,37
biosigner,37
seurat_export_cellbrowser,37
hicexplorer_hicplotmatrix,37
cshl_fastx_barcode_splitter,37
das_tool,37
ivar_variants,37
export2graphlan,37
jcvi_gff_stats,37
flash,37
biobb_io_pdb_ext,36
biobb_model_fix_side_chain_ext,36
biobb_md_pdb2gmx_ext,36
biobb_md_solvate_ext,36
biobb_md_grompp_ext,36
PeakPickerHiRes,36
trinity_filter_low_expr_transcripts,36
datamash_reverse,36
rm_spurious_events.py,36
edu.tamu.cpt.gff3.lipoP_to_gff3,36
ctb_remIons,36
table_annovar,36
bctools_remove_tail,36
segemehl,35
stacks_populations,35
CONVERTER_bz2_to_uncompressed,35
bed_to_protein_map,35
ip_projective_transformation_points,35
Transformation,34
bcftools_mpileup,34
quality_metrics,34
ctb_remDuplicates,34
colorGff,34
gatk2_print_reads,34
regionalgam_flight_curve,34
mimodd_vcf_filter,34
nanopolish_variants,33
mztab2tsv,33
je_markdupes,33
coords2clnt.py,32
export_to_cluster,32
cardinal_spectra_plots,32
biom_convert,32
mothur_make_lefse,32
tombo_resquiggle,32
snpsift_vartype,32
rdock_sort_filter,32
gatk2_haplotype_caller,32
directory_uri,32
seqtk_subseq,32
export_remote,32
sklearn_ensemble,31
glob_report,31
flashlfq,31
graphlan_annotate,31
format_metaphlan2_output,31
ncbi_blastx_wrapper,31
mothur_pairwise_seqs,31
extract_bcs.py,30
_salmon_kallisto_mtx_to_10x,30
changeGffFeatures,30
bcftools_annotate,30
samtools_slice_bam,30
enumerate_charges,30
uniprot,30
bctools_remove_spurious_events,29
alevin,29
CONVERTER_interval_to_bedstrict_0,29
deeptools_plot_pca,29
gatk_indel_realigner,29
stacks_procrad,29
roary,29
mimodd_map,29
gemini_db_info,29
maker_map_ids,29
Batch_correction,28
locarna_best_subtree,28
naive_variant_caller,28
cads,28
seurat_find_neighbours,28
samtools_markdup,28
humann_renorm_table,28
velvetoptimiser,28
regionalgam_glmmpql,28
kallisto_quant,28
MergingDataClusterize,28
changeTagName,28
bctools_extract_crosslinked_nucleotides,28
get_orfs_or_cdss,28
edu.tamu.cpt.gff3.cdsParents,28
cshl_fastx_renamer,27
dropletutils_empty_drops,27
abricate_summary,27
abyss-pe,27
mass_spectrometry_imaging_preprocessing,27
proteomiqon_psmstatistics,27
chembl,27
gmx_restraints,27
thermo_raw_file_converter,27
bedtools_complementbed,27
scanpy_multiplet_scrublet,27
qiime_pick_closed_reference_otus,27
obi_illumina_pairend,27
deeptools_multi_bigwig_summary,26
obi_grep,26
cp_identify_primary_objects,26
FidoAdapter,26
kraken-report,26
graphicsmagick_image_convert,26
ip_filter_standard,26
proteomiqon_joinquantpepionswithproteins,25
trinity_contig_exn50_statistic,25
xarray_mapplot,25
deeptools_compute_gc_bias,25
cp_common,25
tombo_text_output,25
bedtools_coveragebed,25
edu.tamu.cpt.gff3.reformat,25
peakcalling_macs,25
picard_FastqToSam,25
humann_regroup_table,25
megablast_wrapper,25
tb_variant_filter,25
sucos_docking_scoring,25
pepquery,25
hicexplorer_hicplottads,25
kraken,25
biom_add_metadata,25
wsdl_hmdb,24
repeatmasker_wrapper,24
rxdock_rbdock,24
ip_threshold,24
venn_list,24
EMBOSS: getorf42,24
proteomics_moff,24
pe_histogram,24
bismark_deduplicate,24
mimodd_varreport,24
gatk2_reduce_reads,24
gatk2_variant_apply_recalibration,24
imagecoordinates_flipaxis,24
iuc_pear,24
openbabel_filter,24
structure_to_gspan,23
sucos_max_score,23
picard_QualityScoreDistribution,23
snippy_core,23
gatk4_mutect2,23
tb_profiler_profile,23
wtdbg,23
sklearn_train_test_split,23
ctb_opsin,23
seq_filter_by_mapping,23
humann_rename_table,23
gatk2_realigner_target_creator,23
qualimap_rnaseq,23
bg_find_subsequences,22
cp_cellprofiler,22
vcftools_isec,22
hicexplorer_hicmergematrixbins,22
calculate_numeric_param,22
targetfinder,22
rgweblogo3,22
ctb_simsearch,22
kraken-translate,22
bismark_methylation_extractor,22
megablast_xml_parser,22
seurat_find_markers,22
CONVERTER_vcf_to_vcf_bgzip_0,22
ctb_confab,22
artic_guppyplex,22
gatk2_base_recalibrator,22
cshl_fasta_formatter,21
qiime_pick_otus,21
hyphy_slac,21
hicexplorer_hicpca,21
mass_spectrometry_imaging_qc,21
hyphy_meme,21
deeptools_bigwig_compare,21
seurat_dim_plot,21
hyphy_prime,21
mut2read,21
bismark_pretty_report,21
dunovo,21
read2mut,21
proteomiqon_peptidespectrummatching,21
ggplot2_histogram,21
tp_uniq_tool,21
hyphy_fel,21
deeptools_plot_coverage,21
ncbi_blastp_wrapper_new,21
ncbi_tblastn_wrapper,21
bedtools_nucbed,20
gemini_inheritance,20
length_and_gc_content,20
rbc_splitfasta,20
biobb_md_mdrun_ext,20
gprofiler_gost,20
qiime_pick_rep_set,20
qiime_align_seqs,20
kc-align,20
sarscov2summary,20
cuffcompare,20
p_clip_peaks,20
OMSSAAdapter,20
fastani,20
picard_MergeBamAlignment,20
hmmer_hmmscan,20
CleanTranscriptFile,20
removeExonLines,20
hyphy_fade,20
mimodd_delcall,20
concoct_extract_fasta_bins,20
fasta2fastq,20
rdock_rbcavity,20
xchem_transfs_scoring,20
LipoP,20
openbabel_addh,20
proteomiqon_psmbasedquantification,19
sarscov2formatter,19
Fetch Taxonomic Ranks,19
ctb_chemfp_nxn_clustering,19
sklearn_build_pipeline,19
gfastats,19
FileConverter,19
lftp,19
tmhmm2,19
hicexplorer_hicconvertformat,19
mass_spectrometry_imaging_combine,19
hypo,19
picard_FixMateInformation,19
samtools_bedcov,19
cshl_sort_header,19
metaquantome_stat,19
gops_cluster_1,19
hyphy_cfel,19
vcfbedintersect,19
vcfannotate,19
hicexplorer_hicfindtads,19
poretools_extract,19
biobb_md_editconf_ext,18
biobb_md_genion_ext,18
CONVERTER_bed_gff_or_vcf_to_bigwig_0,18
blockbuster,18
muscle,18
hmmer_hmmbuild,18
biomd_neqgamma,18
gatk_unified_genotyper,18
proteomiqon_peptidedb,18
spades_rnaviralspades,18
sklearn_searchcv,18
humann2_regroup_table,18
methtools_calling,18
trinity_run_de_analysis,18
hyphy_bgm,18
bedtools_annotatebed,18
EMBOSS: tranalign100,18
samtools_split,18
cp_export_to_spreadsheet,18
CompareOverlappingSmallRef,18
metaquantome_filter,18
raven,18
hyphy_relax,18
blast_parser,18
mummer_mummer,18
tbvcfreport,17
ip_landmark_registration,17
bedtools_bedtobam,17
cp_convert_objects_to_image,17
IDFileConverter,17
hyphy_busted,17
macs2_predictd,17
ctb_rdkit_descriptors,17
raceid_filtnormconf,17
raceid_clustering,17
raxml,17
FeatureFinderMetabo,17
trinity_analyze_diff_expr,17
fastq_manipulation,17
ctb_chemfp_butina_clustering,17
proteomiqon_proteininference,17
tleap,17
acpype_Amber2Gromacs,17
snpSift_rmInfo,17
bedtools_multicovtbed,17
bcftools_view,17
ip_convertimage,17
humann2_unpack_pathways,17
scanpy_regress_variable,16
bcftools_merge,16
graphclust_aggregate_alignments,16
qiime_make_otu_heatmap,16
je_demultiplex_illu,16
proteomiqon_mzmltomzlite,16
xarray_coords_info,16
dexseq_annotate,16
rgPicFixMate,16
rna_quast,16
hicexplorer_hicsummatrices,16
get_sequences,16
tombo_detect_modifications,16
restrictFromSize,16
SelectByTag,16
concoct,16
metilene,16
metaquantome_expand,16
seurat_create_seurat_object,16
cshl_fastx_artifacts_filter,16
bedtools_windowbed,15
mtbls520_04_preparations,15
mtbls520_05a_import_maf,15
mtbls520_06_import_traits,15
mtbls520_07_species_diversity,15
obi_annotate,15
cp_save_images,15
CONVERTER_gff_to_bed_0,15
QCCalculator,15
allele_counts_1,15
stacks_refmap,15
TMHMM_to_gff3,15
viennarna_rnaplot,15
regionalgam_plot_trend,15
IsobaricAnalyzer,15
vt_normalize,15
repeatmodeler,15
concoct_merge_cut_up_clustering,15
collapseReads,15
rnaspades,15
uc2otutable,15
mimodd_rebase,15
seqtk_seq,15
ococo,15
hcluster_sg,15
gafa,15
jvarkit_wgscoverageplotter,15
gd_raxml,14
CONVERTER_ref_to_seq_taxomony,14
align_back_trans,14
snp_dists,14
vsearch_sorting,14
map_reads_otu,14
edu.tamu.cpt.genbank.shinefind,14
edu.tamu.cpt.gff3.prepForApollo,14
samtools_fixmate,14
gatk_realigner_target_creator,14
tp_unfold_column_tool,14
mimodd_convert,14
mimodd_align,14
glimmer_knowlegde-based,14
metabat2,14
aragorn_trna,14
cp_measure_object_size_shape,14
fastq_stats,14
ctb_frankenstein_ligand,14
NFS_transfer,14
obi_uniq,14
egsea,14
gatk_variant_select,14
hcluster_sg_parser,14
vsearch_clustering,14
create_opson_pipeline_summary,13
medaka_variant_pipeline,13
cardinal_segmentations,13
FeatureFinderCentroided,13
vcfsort,13
cummeRbund,13
qiime_validate_mapping_file,13
rbc_mirdeep2,13
mitos2,13
observable,13
bedtools_intersectbed_bam,13
trinity_define_clusters_by_cutting_tree,13
minia,13
homer_annotatePeaks,13
ip_histogram_equalization,13
ip_coordinates_of_roi,13
stoceps_filteringsp,13
bedtools_multiintersectbed,13
rseqc_bam2wig,13
minfi_read450k,13
sccaf_regress_out,12
EMBOSS: est2genome32,12
bcftools_stats,12
funannotate_compare,12
bigwig_to_bedgraph,12
signalp3,12
gatk2_unified_genotyper,12
vcftools_compare,12
rseqc_geneBody_coverage2,12
bcftools_isec,12
rseqc_read_NVC,12
vsearch_search,12
snippy_clean_full_aln,12
proteomiqon_labeledproteinquantification,12
mimodd_header,12
picard_DownsampleSam,12
cshl_awk_tool,12
fargene,12
scmap_preprocess_sce,12
humann_split_stratified_table,12
raceid_trajectory,12
SignalP,12
bp_genbank2gff3,12
bamutil_clip_overlap,12
vsearch_chimera_detection,12
gmx_get_builtin_file,12
splitTranscriptGff,12
bcftools_plugin_counts,12
stoceps_trend_indic,12
gatk2_variant_recalibrator,12
ctb_alignit,12
kraken-filter,12
aegean_parseval,12
est_abundance,12
stoceps_maketablecarrer,12
t_coffee,12
sarscov2genomes,12
rnaz,12
keras_train_and_eval,11
stacks2_procrad,11
stacks2_denovomap,11
xchem_pose_scoring,11
PicardASMetrics,11
chira_map,11
abims_xcms_retcor,11
ucsc-twobittofa,11
scater_create_qcmetric_ready_sce,11
stacks_denovomap,11
pipmir,11
plotly_regression_performance_plots,11
w4mcorcov,11
vcffixup,11
CONVERTER_fasta_to_2bit,11
CONVERTER_len_to_linecount,11
CONVERTER_fasta_to_len,11
rbc_rnacode,11
snpSift_geneSets,11
bbtools_bbduk,11
PSMFeatureExtractor,11
cor2,11
nanopolish_eventalign,11
picard_CollectRnaSeqMetrics,11
mass_spectrometry_imaging_ion_images,11
chira_merge,11
chira_quantify,11
chira_extract,11
blockclust,11
rseqc_read_duplication,11
gemini_actionable_mutations,11
massbank_ws_searchspectrum,11
pyprophet_merge,11
graphmap_align,11
mspurity_frag4feature,10
regionalgam_autocor_acf,10
hicexplorer_chicaggregatestatistic,10
hicexplorer_chicdifferentialtest,10
cloudmap_variant_discovery_mapping,10
stacks2_populations,10
lca1,10
t2t_report,10
transit_gumbel,10
uniprotxml_downloader,10
ctb_silicos_qed,10
deeptools_correct_gc_bias,10
kraken_taxonomy_report,10
mspurity_puritya,10
deeptools_computeMatrix,10
ont_fast5_api_fast5_subset,10
bedtools_genomecoveragebed_histogram,10
metagene_annotator,10
meta_flye,10
concoct_cut_up_fasta,10
progressivemauve,10
qiime_make_otu_table,10
selectsequencesfrommsa,10
MetaProSIP,10
rxdock_sort_filter,10
CONVERTER_bedgraph_to_bigwig,10
bam_to_fastq,10
cat_contigs,10
treebest_best,10
phyloseq_DESeq2,10
chira_collapse,10
qiime_assign_taxonomy,10
Sff_extractor,10
raceid_main,10
seurat,10
bcftools_filter,10
ip_binary_to_labelimage,10
sspace,10
pyprophet_score,10
pyprophet_peptide,10
pyprophet_protein,10
pyprophet_export,10
map_reads,10
call_sites,10
edu.tamu.cpt.blastp_to_gff3,10
concoct_coverage_table,10
ip_overlay_segmentation,10
gatk2_variant_select,10
gatk2_variant_filtration,10
fgsea,10
gemini_stats,9
mspurity_filterfragspectra,9
mspurity_averagefragspectra,9
mspurity_createmsp,9
pep_pointer,9
Epifany,9
keras_model_config,9
cp_display_data_on_image,9
cisarunner,9
scanpy_run_diffmap,9
ensembl_vep,9
humann_unpack_pathways,9
OpenSwathWorkflow,9
kraken-mpa-report,9
ont_fast5_api_multi_to_single_fast5,9
lordec,9
deeptools_heatmapper,9
msms2metfrag-multiple,9
metfrag-cli-batch-multiple,9
checkm_plot,9
encyclopedia_quantify,9
cp_measure_object_intensity,9
CONVERTER_bam_to_qname_sorted_bam,9
strelka_germline,9
heinz_scoring,9
CONVERTER_fastq_to_fqtoc0,9
curl_post,9
proteomics_search_peptide_prophet_1,9
1_create_conf,9
conf4circos,9
draw_circos,9
hmmer_jackhmmer,9
trinity_samples_qccheck,9
hicexplorer_hicadjustmatrix,9
ncbi_blastdbcmd_wrapper,9
macs2_bdgdiff,9
checkm_lineage_wf,9
CONVERTER_Gro_to_Pdb_0,9
trim_reads,9
bedtools_makewindowsbed,9
coverm_genome,9
seq_composition,9
rxdock_rbcavity,9
ctsm_fates,9
blast2go,9
ctb_np-likeness-calculator,9
jq,9
dada2_plotQualityProfile,9
glassgo,9
mitohifi,9
prepare_ligands_for_docking,9
TrimPrimer,9
Flash,9
Btrim64,9
blastxml_to_tabular,9
biobb_analysis_gmx_rms_ext,8
ctb_multi_obgrep,8
ctb_stripit,8
glimmer_not-knowlegde-based,8
biobb_analysis_gmx_image_ext,8
cluster_otu,8
hicexplorer_chicviewpoint,8
ip_viz_overlay_moving_and_fixed_image,8
ip_2d_split_binaryimage_by_watershed,8
cp_color_to_gray,8
qiime_pick_open_reference_otus,8
edu.tamu.cpt.fasta.lipory,8
hca_matrix_downloader,8
raceid_inspectclusters,8
decoyfasta,8
migmap,8
sklearn_estimator_attributes,8
novoplasty,8
cshl_uniq_tool,8
ct_combine_tool_outputs,8
ctb_spectrophore_search,8
xcms-find-peaks,8
camera-annotate-peaks,8
camera-group-fwhm,8
camera-find-adducts,8
camera-find-isotopes,8
camera-prepareoutput,8
mut2sscs,8
biobb_analysis_gmx_rgyr_ext,8
Draw_phylogram,8
seqtk_mergepe,8
interactive_tool_jupyter_notebook,8
climate_stripes,8
cshl_cut_tool,8
5_calc_stat,8
biobb_analysis_gmx_trjconv_str_ext,8
ambertools_antechamber,8
bundle_collection,8
snp_sites,8
cp_measure_image_area_occupied,8
usearch_derep_full,8
uchime,8
deeptools_compute_matrix_operations,8
PercolatorAdapter,8
w4mjoinpn,8
mob_recon,8
ident_params,8
remove_nucleotide_deletions,8
CONVERTER_fasta_to_fai,8
hicexplorer_chicviewpointbackgroundmodel,8
mageck_count,8
ip_count_objects,8
picard_MarkDuplicatesWithMateCigar,8
quality_trim,8
call_consensus,8
TargetedFileConverter,8
removeIntrons,8
uparse,8
ctb_rdkit_describtors,8
circos_aln_to_links,8
cp_measure_granularity,8
minfi_dropsnp,8
humann2_rename_table,8
openbabel_svg_depiction,8
obi_clean,8
sina,7
bfast_wrapper,7
ml_visualization_ex,7
hicexplorer_chicqualitycontrol,7
sklearn_svm_classifier,7
yahs,7
scanpy_plot_trajectory,7
scater_filter,7
xcms_plot_chromatogram,7
shyft_longitudes,7
vcftools_annotate,7
vcf_filter,7
metaphlan_hclust_heatmap,7
rsem_calculate_expression,7
qiime_summarize_taxa_through_plots,7
methtools_dmr,7
scmap_scmap_cell,7
sklearn_generalized_linear,7
metaquantome_sample,7
metaquantome_viz,7
ebi_search_rest_results,7
encyclopedia_searchtolib,7
heinz,7
freebayes_wrapper,7
__DATA_FETCH__,7
locarna_multiple,7
bamtools_split,7
smf_utils_fix-fasta-headers,7
seacr,7
cp_measure_image_quality,7
re_he_maldi_image_registration,7
edu.tamu.cpt.gff3.fixsixpack,7
obi_stat,7
scmap_scmap_cluster,7
glimmer_build-icm,7
keras_model_builder,7
sam2interval,7
ggplot2_violin,7
edu.tamu.cpt.util.wigToBigWig,7
gatk_count_covariates,7
trinity_gene_to_trans_map,7
cp_measure_texture,7
cp_relate_objects,7
gatk2_depth_of_coverage,7
rseqc_junction_saturation,7
IDMassAccuracy,7
MetaboliteAdductDecharger,7
qiime_split_libraries_fastq,7
AccurateMassSearch,7
samtools_reheader,6
qiime_filter_alignment,6
edu.tamu.cpt2.util.mga_to_gff3,6
spocc_occ,6
XFDR,6
fasta_nucleotide_color_plot,6
hicexplorer_chicsignificantinteractions,6
sklearn_model_validation,6
openbabel_genProp,6
scanpy_run_paga,6
ctb_remSmall,6
CONVERTER_bed_to_gff_0,6
vegan_diversity,6
build_ucsc_custom_track_1,6
cummerbund_to_cuffdiff,6
mimodd_annotate,6
prepare_ligand,6
schicexplorer_schicdemultiplex,6
scmap_get_std_output,6
ip_projective_transformation,6
xcms-collect-peaks,6
xcms-group-peaks,6
xcms-blankfilter,6
xcms-dilutionfilter,6
passatutto,6
raceid_inspecttrajectory,6
map-msms2camera,6
sklearn_numeric_clustering,6
replace_chromosome_names,6
music_construct_eset,6
CONVERTER_Bam_Bai_0,6
hyphy_conv,6
modencode_peakcalling_spp,6
metabat2_jgi_summarize_bam_contig_depths,6
sed_stream_editor,6
check_snpeff_candidates,6
vcfgenotypes,6
gatk_depth_of_coverage,6
transform_bimeradenovo_sequencetable,6
lfq_protein_quant,6
fsd,6
hicexplorer_hicnormalize,6
4_filter_sam,6
nanopolishcomp_eventaligncollapse,6
graphicsmagick_image_montage,6
cp_measure_image_intensity,6
cds_essential_variability,6
tximport,6
scale_image,6
EMBOSS: dotmatcher24,6
methtools_plot,6
td,6
ragtag,6
mothur_split_groups,6
export_to_genap2,6
valet,6
CometAdapter,6
edu.tamu.cpt2.phage.intron_detection,6
proteomics_search_protein_prophet_1,6
cuffquant,6
openbabel_change_title,6
bbtools_bbmap,6
mageck_test,6
ctb_subsearch,6
snp_matrix,6
edu.tamu.cpt.wig.rebase,6
rseqc_tin,6
merge_sites,6
cat_summarise,6
obi_ngsfilter,6
minfi_ppfun,6
CompareOverlappingSmallQuery,6
fasta_cli,6
CONVERTER_bam_to_coodinate_sorted_bam,6
ab1_fastq_converter,6
model_prediction,6
hamronize_tool,5
hhsearch,5
spring_model_all,5
edu.tamu.cpt2.spanin.generate-putative-isp,5
sklearn_stacking_ensemble_models,5
namd_npt,5
edu.tamu.cpt.fasta.stop_codons,5
OpenSwathDecoyGenerator,5
msstatstmt,5
mimodd_covstats,5
rsem_prepare_reference,5
sailfish,5
deeptools_bamCoverage,5
edu.tamu.cpt2.spanin.generate-putative-usp,5
EMBOSS: extractfeat34,5
deeptools_plot_enrichment,5
aggregate_scores_in_intervals2,5
check_contigs,5
heinz_visualization,5
mummer_nucmer,5
msgfplus,5
links,5
hyphy_absrel,5
diff,5
msconvert_nix,5
obi_convert,5
nanocompore_sampcomp,5
circos_interval_to_text,5
ecology_presence_abs_abund,5
cshl_word_list_grep,5
stacks2_gstacks,5
CONVERTER_fasta_to_tabular,5
rpCompletion,5
phyloseq_richness,5
qiime_split_libraries,5
stoceps_glm,5
merge_metaphlan_tables,5
bedtools_bedtoigv,5
viennarna_rnaalifold,5
edu.tamu.cpt2.spanin.generate-putative-osp,5
uclust2otutable,5
genbank_to_gff,5
phyloseq_taxonomy,5
phyloseq_net,5
edu.tamu.cpt.fasta.start_codons,5
ip_2d_feature_extraction,5
ip_2d_filter_segmentation_by_features,5
rseqc_inner_distance,5
flair_correct,5
flair_collapse,5
umi_tools_group,5
openbabel_remDuplicates,5
lumpy_prep,5
lumpy_sv,5
phyloseq_abundance,5
strelka_somatic,5
blast_to_fasta,5
gene2exon1,5
cdo_operations,5
gops_coverage_1,5
filter_regions,5
fasta_concatenate0,5
minfi_mset,5
khmer_abundance_distribution_single,5
cp_image_math,5
heinz_bum,5
cd_hit_dup,5
cat_add_names,5
annotateMyIDs,5
crossmap_bam,5
mass_spectrometry_imaging_mzplots,5
picard_CollectWgsMetrics,5
ip_scale_image,5
mimodd_reheader,5
phyml,5
hamronize_summarize,4
ffindex_dbkit_create,4
vcftools_slice,4
keras_batch_models,4
edu.tamu.cpt.gff3.filter_type,4
gspan,4
bedtools_mergebedgraph,4
qiime_core_diversity,4
mothur_deunique_seqs,4
hicexplorer_hictransform,4
gemini_recessive_and_dominant,4
ncbi_tblastx_wrapper,4
scater_plot_dist_scatter,4
bismark_bowtie,4
tp_tac,4
OpenPepXL,4
setup,4
exomedepth,4
GeneModelMapper,4
GeMoMa_Annotation_Filter,4
humann_join_tables,4
metfrag,4
gemini_roh,4
monocle3_create,4
bg_protein_properties,4
xpath,4
retrieve_from_hpa,4
IDconverter,4
edu.tamu.cpt.external.signalp,4
ia_coordinates_of_roi,4
peakcalling_macs14,4
spades_metaviralspades,4
bam_to_consensus,4
biobb_analysis_gmx_energy_ext,4
oasesoptimiserv,4
BlastParser_and_hits,4
sklearn_feature_selection,4
CONVERTER_fastqgz_to_fastq,4
trinity_super_transcripts,4
proteomics_search_interprophet_1,4
humann2_split_table,4
msconvert_win,4
6_parse_discord,4
transit_hmm,4
describe_samples,4
mimodd_info,4
_dropletBarcodePlot,4
stacks2_ustacks,4
stacks2_tsv2bam,4
bam_to_bigwig,4
ctb_shapeit,4
viz_overlay_moving_and_fixed_image,4
retropath2,4
qiime_count_seqs,4
stoceps_glm_group,4
CONVERTER_vcf_bgzip_to_tabix_0,4
cd_hit_protein,4
smf_utils_find-boxes,4
nanopolishcomp_freqmethcalculate,4
bedtools_clusterbed,4
bedtools_map,4
mlocarna,4
cap3,4
scater_plot_pca,4
RNAlien,4
basic_illumination,4
ashlar,4
remove_otu,4
clusterprofiler_go,4
paralyzer,4
DatamashOps,4
qiime_alpha_diversity,4
cluster_to_vina_cluster_plidflow,4
scpipe,4
rarefaction,4
cat_multi_datasets,4
xmfa2gff3,4
presto_filterseq,4
presto_parselog,4
prestor_abseq3,4
scater_normalize,4
bedtools_bed12tobed6,4
3_filter_single_pair,4
ctb_alignit_create_db,4
mothur_get_lineage,4
qualimap_multi_bamqc,4
merge_pe,4
diginorm,4
de_novo_asmbl,4
amoscmp,4
IsoRead,4
mirViz,4
PicardInsertSize,4
bedtools_shufflebed,4
ExtractFASTAfromFASTQ,4
ChooseTag,4
TrimByN,4
TrimByLength,4
fastq_info,4
edu.tamu.cpt2.util.glimmer3_to_gff3,4
EMBOSS: water107,4
EMBOSS: skipseq91,4
tp_sort_rows,4
schicexplorer_schicqualitycontrol,4
schicexplorer_schicnormalize,4
merge_vcfs,4
vegan_rarefaction,4
gdal_gdalwarp,4
SnpEff-cds-report,4
bedtools_spacingbed,4
sam_dump,4
four_color_plot,4
sixgill_build,4
anndata_export,4
artic_minion,4
r_correlation_matrix,4
snp_mapping_using_wgs,4
snpSift_int,4
bg_diamond_makedb,4
fpocket,4
sirius_csifingerid,3
picard_CollectGcBiasMetrics,3
idr,3
gff_to_prot,3
iedb_api,3
enasearch_retrieve_data,3
abyss,3
QCExtractor,3
vigiechiro_idcorrect_2ndlayer,3
vigiechiro_idvalid,3
OpenSwathAssayGenerator,3
rseqc_FPKM_count,3
monocle3_reduceDim,3
monocle3_partition,3
hicexplorer_hicquickqc,3
rna_abbased_data,3
MQoutputfilter,3
sopra_wpc,3
glimmer_gbk_to_orf,3
cp_overlay_outlines,3
count_seqs,3
extract_contigs,3
sklearn_nn_classifier,3
mira_assembler,3
gff_filter_by_attribute,3
msnbase-read-msms,3
idconvert,3
picard_EstimateLibraryComplexity,3
idba_hybrid,3
scanpy_run_fdg,3
hicexplorer_hiccomparematrices,3
snpeff_to_peptides,3
hmmer_phmmer,3
deeptools_bamCompare,3
CONVERTER_SMILES_to_sdf,3
gff_filter_by_feature_count,3
tophat,3
vcfflatten2,3
edu.tamu.cpt.proximity.searchFile,3
crosscontamination_barcode_filter,3
spades_biosyntheticspades,3
symmetricPlot2,3
gbk_to_orf,3
find_qPCR_regions,3
ecology_link_between_var,3
salmonquantmerge,3
flexbardsc,3
ivar_covid_variants,3
ivar_variants_to_vcf,3
samtools_ampliconclip,3
kofamscan,3
mass_spectrometry_imaging_classification,3
cuffnorm,3
pynast,3
vcfselectsamples,3
pileup_interval,3
openbabel_remIons,3
csv2tab_R,3
mothur_make_design,3
presto_maskprimers,3
TransTermHP,3
cmv,3
chipeakanno_annopeaks,3
unet_coreograph,3
quantification,3
naivestates,3
rseqc_mismatch_profile,3
computeMatrix,3
varscan_copynumber,3
gatk_analyze_covariates,3
edu.tamu.cpt.tools.charges,3
ctb_ob_addh,3
ctb_remove_protonation_state,3
jellyfish,3
myrimatch,3
qiime_summarize_taxa,3
interactive_tool_simtext_app,3
MGA,3
pdaug_peptide_data_access,3
pdaug_tsvtofasta,3
snpSift_dbnsfp,3
xcms_export_samplemetadata,3
kallisto_pseudo,3
humann2_join_tables,3
EMBOSS: infoseq46,3
minfi_rset,3
minfi_maptogenome,3
rankprodthree,3
kat_sect,3
fa-extract-sequence,3
padel,3
sklearn_train_test_eval,3
qiime_extract_barcodes,3
gops_basecoverage_1,3
fastqe,3
seqtk_mergefa,3
scater_plot_exprs_freq,3
imagej2_watershed_binary,3
ruvseq,3
circgraph,3
genomic_super_signature,3
obi_tab,3
rmcontamination,3
resize_coordinate_window,3
qiime_beta_diversity,3
namd_nvt,3
metaeuk_easy_predict,3
mimodd_snpeff_genomes,3
nanocompore_db,3
pdbfixer,3
get_subontology_from,3
term_id_vs_term_name,3
basil,3
tophat_fusion_post,3
mspurity_createdatabase,3
mspurity_spectralmatching,3
hicexplorer_hicfindrestrictionsites,3
samtools_flag_filter,3
picard_ValidateSamFile,3
vegan_fisher_alpha,3
cshl_find_and_replace,3
bio_hansel,3
rpExtractSink,3
MSstatsConverter,3
ffindex_dbkit_merge,2
gff_to_sequence,2
getTn5ExtendedCoverage,2
splitbedGraphFromBed,2
TMHMM,2
abims_xcms_summary,2
FeatureLinkerUnlabeledKD,2
OpenPepXLLF,2
CONVERTER_bed_to_tabix_0,2
minimizer,2
Extractor,2
gsnap,2
filter,2
assign,2
polyA,2
extract,2
rarefaction_analyzer,2
monocle3_preprocess,2
monocle3_plotCells,2
gemini_burden,2
ip_image_registration,2
normalization,2
socru,2
sklearn_pca,2
mothur_pca,2
megahit_contig2fastg,2
CONVERTER_vcf_to_tabix_0,2
cghub_genetorrent,2
gatk_indel,2
gatk_bqsr,2
cshl_fasta_nucleotides_changer,2
cp_track_objects,2
cp_tile,2
megan_blast2lca,2
regionalgam_gls_adjusted,2
ctb_obgrep,2
jasminesv,2
fasta_tabular_converter,2
bowtieForSmallRNA,2
nn_classifier,2
bam-filter,2
idpqonvert,2
idpquery,2
interactive_tool_fairdom_send,2
snpfinder,2
picard_BamIndexStats,2
predict_pipeline,2
gbs-hmp-filter,2
Tassel,2
find_in_reference,2
bionano,2
stacks2_cstacks,2
mothur_collect_single,2
rrparser,2
gemini_de_novo,2
deeptools_bam_pe_fragmentsize,2
deepvariant,2
rdconf,2
nanopolish_methylation,2
gecko,2
iuc_deseq2,2
hicexplorer_hicplotdistvscounts,2
bedtools_groupbybed,2
cesm,2
mitos,2
cat_prepare,2
filter_bam,2
window_coverage,2
rdpmulticlassifier,2
trnascan,2
pdb2pqr_plidflow,2
EMBOSS: primersearch81,2
vcf2pgSnp,2
chromeister,2
ip_imageinfo,2
remove_aa_artifact,2
music_deconvolution,2
mageck_gsea,2
clipkit,2
phykit_alignment_based,2
ctb_mordred_descriptors,2
ecology_stat_presence_abs,2
EMBOSS: trimest102,2
ngmlr,2
ecology_homogeneity_normality,2
symmetricPlot,2
presto_pairseq,2
scater_plot_tsne,2
encyclopedia_encyclopedia,2
seq_select_by_id,2
s3segmenter,2
snp_det,2
stacks2_sstacks,2
maxquant_mqpar,2
cluter_profiler,2
EMBOSS: geecee41,2
vigiechiro_bilanenrichipf,2
gatk_variant_filtration,2
fromHicupToJuicebox,2
EMBOSS: needle56,2
edu.tamu.cpt2.spanin.findSpanin,2
enasearch_search_data,2
16Sclassifier,2
ArmDB,2
16Saligner,2
mcClust,2
bio3d_dccm,2
proteomiqon_labelfreeproteinquantification,2
pdaug_sequence_property_based_descriptors,2
pdaug_addclasslabel,2
pdaug_merge_dataframes,2
pdaug_basic_plots,2
vcfannotategenotypes,2
sRNAPipe,2
EMBOSS: fuzzpro38,2
edu.tamu.cpt.external.aragorn-gff3,2
minfi_dmp,2
bedtools_links,2
interactions,2
biotranslator,2
heatmapper_deepTools,2
corrtable,2
ivar_covid_aries_consensus,2
srst2,2
plasmid_profiler,2
paired_fastq_filtering,2
velvet,2
schicexplorer_schicclustersvl,2
schicexplorer_schicplotclusterprofiles,2
infernal_cmstat,2
NMR_Preprocessing,2
miranda,2
crossmap_bed,2
hmmer_hmmconvert,2
ctb_im_screen,2
schicexplorer_schicconsensusmatrices,2
schicexplorer_schicplotconsensusmatrices,2
scanpy_plot_scrublet,2
run_sccaf,2
sccaf_asses_merger,2
plotly_parallel_coordinates_plot,2
gstf_preparation,2
vcfcheck,2
scpred_preprocess_data,2
CONVERTER_sam_to_unsorted_bam,2
cshl_fastq_quality_boxplot,2
imagej2_noise,2
peakcalling_sicer,2
MUMmerCMP,2
gemini_interactions,2
openbabelSMI_plidflow,2
openbabelSDF_plidflow,2
autodocktools_ligand_plidflow,2
cdo_info,2
wiggle2simple1,2
sistr_cmd,2
Nucleosome,2
EMBOSS: etandem33,2
CONVERTER_gff_to_interval_index_0,2
music_inspect_eset,2
SimpleSearchEngine,2
macs2_bdgcmp,2
consensus,2
psy_maps,2
morpheus,2
proteinortho,2
FastTree,2
qiime_filter_fasta,2
awkscript,2
ecology_beta_diversity,2
CryptoGenotyper,2
macs2_bdgpeakcall,2
bcftools_concat,2
ete_genetree_splitter,2
ete_homology_classifier,2
ssake,2
sed,2
gdal_ogr2ogr,2
picard_artifact_metrics,2
secure_hash_message_digest,2
metaquantome_db,2
coverm_contig,2
lighter,2
sklearn_clf_metrics,2
quast_stat,2
scaffold2fasta,2
ctb_sdf2fps,2
diapysef,2
resistome_analyzer,2
cooler_cload_pairix,2
cooler_balance,2
infernal_cmscan,2
filter_bed_on_splice_junctions,2
translate_bed_sequences,2
pick_open_reference_otus,2
smf_utils_extract-boxed-sequences,2
smf_utils_estimate-energy,2
smf_utils_filter-by-energy,2
maf_stats1,2
ivar_filtervariants,2
ip_spot_detection_2d,2
ip_points_association_nn,2
tool_anonymization,2
2_map,2
sucos_clustering,2
sklearn_discriminant_classifier,2
minfi_getbeta,2
cp_gray_to_color,2
stacks2_refmap,2
bbtools_callvariants,2
AssayGeneratorMetabo,2
scmap_select_features,2
eautils_gtf2bed12,2
picard_BedToIntervalList,2
sklearn_to_categorical,2
mothur_get_seqs,2
codeml,2
w4mclstrpeakpics,2
delly_cnv,2
bamtools_split_mapped,2
EMBOSS: megamerger53,2
rp2paths,2
minfi_dmr,2
delly_call,2
clair3,2
gemini_set_somatic,1
mixcr_analyze,1
pipelign,1
drep_compare,1
mtbls520_19b_seasons_unique,1
mtbls520_10_species_varpart,1
mtbls520_16_ecology_rda,1
bedtools_unionbedgraph,1
seq2hla,1
ip_overlay_images,1
filter_16s_wrapper_script 1,1
uit_megablast_wrapper,1
lcaclassifier_wrapper_script 1,1
ScaleBedGraph,1
EMBOSS: fuzznuc37,1
vigiechiro_bilanenrichirp,1
snpSift_dbnsfp_generic,1
bed_to_bigBed,1
gmap_build,1
bwtool-lift,1
mtbls520_08b_species_unique,1
hgv_sift,1
monocle3_orderCells,1
monocle3_learnGraph,1
hicexplorer_hicdetectloops,1
sniffles,1
reactome_analysis,1
EMBOSS: pepinfo69,1
MuSE,1
microsat_pal_finder,1
music_compare,1
rseqc_RPKM_count,1
crispr_recognition_tool,1
TagBamWithReadSequenceExtended,1
FilterBAM,1
BAMTagHistogram,1
Kneeplot,1
monocle3_topmarkers,1
selenzy-wrapper,1
rpbasicdesign,1
dnabot,1
masigpro,1
mtbls520_08a_species_shannon,1
MapStatistics,1
rcorrector,1
prot_scriber,1
msnbase-filter-merge-msms,1
cufflinks_prok,1
scanpy_run_dpt,1
ConvertGenotypingFormats,1
snmf,1
hyphy_gard,1
mtbls520_18_phylogeny,1
xmlstarlet,1
minion_search_adapter,1
diffexp,1
FROGS_preprocess,1
FROGS_clustering,1
FROGS_remove_chimera,1
FROGS_filters,1
FROGS_affiliation_OTU,1
FROGS_affiliations_stat,1
featurestein,1
qiime_multiple_join_paired_ends,1
gemini_comp_hets,1
Krona,1
ip_io_metadata_from_filename,1
wgcna_preprocessing,1
wgcna_construct_network,1
wgcna_eigengene_visualization,1
check_draft,1
percolator_input_converters,1
crispr_studio,1
blast2html,1
proteomics_search_tandem_1,1
rseqc_RNA_fragment_size,1
pandas_rolling_window,1
svm_classifier,1
glimmer_not_knowledge_based,1
autodocktools_receptor_plidflow,1
picard_CollectBaseDistributionByCycle,1
rseqc_clipping_profile,1
fastq_mcf,1
mummer_mummerplot,1
mtbls520_12_species_marchantia,1
cryptotyper,1
presto_buildconsensus,1
bamSplit,1
garnett_classify_cells,1
garnett_get_std_output,1
ectyper,1
get_feature_info,1
bcfview,1
bamCoverage_deepTools,1
dt_profiler,1
dpocket,1
bcftools_cnv,1
Psortb,1
gatk_table_recalibration,1
hicup_hicup,1
flanking_features_1,1
MAF_To_Fasta1,1
spring_map,1
minfi_qc,1
csv2json,1
Cytoscape,1
mtbls520_19d_seasons_concentration,1
EMBOSS: plotcon75,1
tgsgapcloser,1
rseqc_insertion_profile,1
abstracts_by_pmids,1
text_to_wordmatrix,1
pycoqc,1
filterVarByQual,1
rbc_mafft_add,1
edu.tamu.cpt.tRNAscan,1
tRNA-SE_scan_to_gff,1
minfi_getM,1
bcftools_convert_to_vcf,1
methtools_destrand,1
species_tree_generator,1
clusterprofiler_bitr,1
edu.tamu.cpt.comparative.mauve,1
hicexplorer_hicplotviewpoint,1
lotus2,1
bamCompare_deepTools,1
collection_creates_list,1
combine,1
repeatexplorer2,1
NmrBucketing,1
alchemical_setup,1
gmx_fep,1
tarean_exp,1
picrust_metagenome_contributions,1
tetoolkit_tetranscripts,1
exonerate,1
calc_fitness,1
aggregate,1
mtbls520_19a_seasons_shannon,1
MassCalculator,1
mtbls520_08c_species_variability,1
minced,1
velveth_jgi,1
velvetg_jgi,1
fastqStat,1
circos_wiggle_to_stacked,1
DatamashTranspose,1
EMBOSS: pepwindow73,1
pubmed_by_queries,1
pmids_to_pubtator_matrix,1
abims_xcms_refine,1
scpred_eigen_decompose,1
scpred_get_feature_space,1
scpred_train_model,1
homer_scanMotifGenomeWide,1
repeat_counter,1
plotdexseq,1
CONVERTER_bed_to_fli_0,1
CONVERTER_bed_to_bgzip_0,1
cshl_fastx_quality_statistics,1
fqCleaner,1
mblastall,1
taxoptimizer,1
rankoptimizer,1
macs2_filterdup,1
ivar_getmasked,1
sccaf_asses,1
dimspy_process_scans,1
dimspy_replicate_filter,1
dimspy_align_samples,1
dimspy_get_peaklists,1
dimspy_blank_filter,1
dimspy_sample_filter,1
RNAMassCalculator,1
sklearn_data_preprocess,1
sklearn_lightgbm,1
filter_columns,1
AnnovarShed,1
tab2csv_R,1
flight-curve,1
CONVERTER_Pdb_to_Gro_0,1
revertR2orientationInBam,1
minfi_getsnp,1
interactive_tool_pyiron,1
khmer_normalize_by_median,1
vcfaddinfo,1
intervene_pairwise,1
seqtk_fqchk,1
galaxy_intermine_exchange,1
bedtools_randombed,1
presto_assemblepairs,1
CONVERTER_sam_to_bigwig_0,1
sixgill_makefasta,1
hicexplorer_hicinfo,1
minfi_getanno,1
CONVERTER_interval_to_bgzip_0,1
idr-embl,1
diffbind-embl,1
stress_ng,1
ProteinInference,1
mt2mq,1
macs2_bdgbroadcall,1
intervene_upset,1
cshl_grep_tool,1
normalize_readsizes,1
extract_variants,1
OverhangTrimming_V3,1
Pileup2ProfileV5,1
Profile2CandidatesV3,1
Annotate_Candidates_V2,1
cbind_fileList,1
cbind,1
compress_file,1
pdaug_peptide_sequence_analysis,1
Jvenn,1
idpassemble,1
garnett_train_classifier,1
rawtools,1
mass_spectrometry_imaging_segmentations,1
interactive_tool_geoexplorer,1
interactive_tool_panoply,1
hgv_snpFreq,1
plink,1
vcfdistance,1
tRNAmodbbduk,1
ProteinResolver,1
gtf_filter_by_attribute_values_list_b,1
pdaug_fishers_plot,1
gdal_gdalinfo,1
pyega3,1
picard_ReplaceSamHeader,1
sm_mapper,1
sm_mirdeep2core_without_Randfold,1
gemini_fusions,1
lcmsmatching,1
picard_MeanQualityByCycle,1
bin_refiner,1
LuciphorAdapter,1
nonpareil,1
tag_stat2,1
SiriusAdapter,1
Extract_RNA_seq_Evidence,1
deeptools_profiler,1
prokaryotic_ncbi_submission,1
fastq_to_fastq.gz,1
riblast,1
gd_rank_terms,1
gd_calc_freq,1
vg_view,1
vg_convert,1
vg_deconstruct,1
scpred_predict_labels,1
scpred_get_std_output,1
unmicst,1
spring_minz,1
cooler_csort_pairix,1
msaboot,1
mummer_delta_filter,1
ncbi_eutils_esearch,1
ncbi_eutils_elink,1
infernal_cmpress,1
vcf_to_maf_customtrack1,1
picard_CollectHsMetrics,1
mothur_summary_qual,1
idr_download_by_ids,1
mash_sketch,1
metaphlan2_hutlab,1
flaimapper,1
hapmap_to_mlmm_files,1
mlmm,1
interactomix_fasta_split,1
interactomix_m4t,1
interactomix_badock,1
eboxsize_plidflow,1
ip_curve_fitting,1
perpi_methylextract,1
methylextract2methylkit,1
methylkit,1
genomespace_exporter,1
mtbls520_19e_seasons_features,1
ont_fast5_api_compress_fast5,1
cp_enhance_or_suppress_features,1
cp_mask_image,1
fetch_jbrowse,1
mspurity_purityx,1
EMBOSS: pepstats71,1
mtbls520_09_species_venn,1
hammock_1.0,1
express,1
gdal_gdal_merge,1
star_fusion,1
qc_cog_uk,1
mtbls520_08d_concentration,1
geneList,1
countKeggs,1
nextalign,1
mtbls520_08e_species_features,1
ncbi_eutils_efetch,1
disco,1
lipidmaps,1
homer_gtf_to_annotations,1
CONVERTER_fasta_to_bowtie_color_index,1
scmap_index_cell,1
idba_ud,1
hicup_digester,1
abims_CAMERA_combinexsAnnos,1
mdanalysis_extract_rmsd,1
biomd_rmsd_clustering,1
maaslin2,1
gubbins,1
scmap_index_cluster,1
cooler_makebins,1
fastq collapser,1
enhanced_bowtie_wrapper,1
bg_diamond_view,1
ip_landmark_registration_ls,1
precheck,1
FeatureLinkerUnlabeled,1
stacks_genotypes,1
EMBOSS: seqret84,1
deeptools_bamFingerprint,1
collection_creates_pair,1
collection_paired_test,1
samtools_coverage,1
concatenate_ordered,1
igvtools_count,1
NMR_Read,1
hgv_linkToGProfile,1
deeptools_computeGCBias,1
binary2labelimage,1
extract_transcript_to_gene_map_from_trinity,1
minfi_methcpg,1
vcfbreakcreatemulti,1
cshl_princeton_fastx_barcode_splitter,1
ctb_ob_svg_depiction,1
ctb_osra,1
deeptools_bamCorrelate,1
MetaboliteSpectralMatcher,1
make_window_bed,1
recentrifuge,1
phyloseq_plot_richness,1
spaln,1
idchoice,1
spades_plasmidspades,1
bcftools_plugin_color_chrs,1
get_read_pipeline,1
react_cal_pipeline,1
Interval_Maf_Merged_Fasta2,1
sequence_content_trimmer,1
meme_psp_gen,1
eukaryotic_ncbi_submission,1
SequenceCoverageCalculator,1
mafft1,1
trimal,1
fastatophylip1,1
phyml1,1
rapgreen1,1
ncbi_blastdbcmd_info,1
mcl,1
ncbi_rpsblast_wrapper,1
broad_variant_pipline,1
ncbi_blastn_wrapper_new,1
edu.tamu.cpt.blast.blasttab_dice_filter,1
edu.tamu.cpt.blastn_to_gff3,1
delly_merge,1
delly_filter,1
delly_classify,1
sansa_annotate,1
goslimmer,1
metfrag_vis,1
astral,1
metams_runGC,1
golm_ws_lib_search,1
mtbls520_23_seasons_rda,1
bamhash,1
